{
  "preflop": {
    "4": 4.2925,
    "2": -0.8114285714285714,
    "3": -0.25937499999999997,
    "5": 17.548214285714284,
    "6": 3.87
  },
  "flop": {
    "3": -0.2945945945945946,
    "5": 17.01964285714286,
    "2": -0.495,
    "4": -2.011111111111111,
    "6": 3.5625,
    "1": -0.53125,
    "7": 171.29999999999998
  },
  "turn": {
    "3": -1.3116666666666665,
    "5": -0.5522727272727272,
    "7": 114.94999999999999,
    "1": -0.6785714285714286,
    "6": 2.992857142857143,
    "4": -1.908,
    "2": -0.915625,
    "0": -1.0
  },
  "river": {
    "3": -0.2666666666666666,
    "5": 0.1666666666666667,
    "7": 37.943333333333335,
    "4": -2.428125,
    "6": 35.43214285714286,
    "0": -0.9,
    "1": -1.103125,
    "2": -0.9277777777777777
  }
}