{
  "iterations": 5000,
  "num_nodes": 62726,
  "runs": {
    "500_samples": {
      "values": [
        29.651603207435254,
        29.159169051917615,
        29.077581519572526,
        30.902707370721366,
        30.547131310272125,
        29.78686473474299,
        29.648593679836686,
        29.073454535404245,
        29.90194550906444,
        29.86427690071072
      ],
      "mean": 29.7613327819678,
      "std": 0.5726500417831379,
      "cv_pct": 1.92414111954725
    },
    "2000_samples": {
      "values": [
        30.244881368433703,
        29.639241288599894,
        28.684053769050177,
        28.451814221307203,
        29.314607874914476,
        28.831811814648184,
        28.916890294679767,
        29.294814128452085,
        28.67869804314668,
        28.93839230784986
      ],
      "mean": 29.09952051110821,
      "std": 0.508700680492726,
      "cv_pct": 1.7481411087118732
    }
  }
}