{
  "preflop": {
    "5": -2.297164948453607,
    "2": -2.265081652257445,
    "3": -3.4036221788799104,
    "4": -0.7971086220369888,
    "6": 33.538728323699424
  },
  "flop": {
    "3": -4.695348837209301,
    "1": -18.093212435233163,
    "7": 47.56610169491525,
    "5": 8.438321167883212,
    "6": 23.967045454545456,
    "2": -11.784305317324185,
    "4": -12.346396396396397,
    "0": -4.459999999999999
  },
  "turn": {
    "3": -16.1125,
    "5": 1.2343329886246106,
    "7": 77.60359066427289,
    "4": -18.868509378084894,
    "2": -13.890296052631578,
    "6": 25.486434573829527,
    "1": -16.507163886162903,
    "0": -25.82548076923077
  },
  "river": {
    "6": 32.09243986254296,
    "7": 94.67450142450143,
    "3": -20.928465346534654,
    "0": -29.11942257217848,
    "1": -25.717012687427914,
    "5": 6.686576168929111,
    "4": -24.449364675984754,
    "2": -29.17566709021601
  }
}