{
  "NitBot": {
    "mean": 200.31933333333336,
    "per_seed": [
      135.317,
      212.711,
      252.93
    ]
  },
  "AggroBot": {
    "mean": 444.0220000000001,
    "per_seed": [
      339.746,
      476.6430000000001,
      515.677
    ]
  },
  "OverfoldBot": {
    "mean": -3.900000000000001,
    "per_seed": [
      -7.39,
      21.48,
      -25.790000000000003
    ]
  },
  "CallStationBot": {
    "mean": 73.01866666666666,
    "per_seed": [
      -109.202,
      158.265,
      169.993
    ]
  },
  "DonkBot": {
    "mean": 717.5946666666667,
    "per_seed": [
      804.894,
      706.6160000000001,
      641.274
    ]
  },
  "WeirdSizingBot": {
    "mean": -202.785,
    "per_seed": [
      -323.128,
      -83.76299999999999,
      -201.464
    ]
  },
  "PerturbBot": {
    "mean": 347.18800000000005,
    "per_seed": [
      404.00800000000004,
      300.22,
      337.336
    ]
  }
}